letter,freq_ratio,relative_freq
E,0.111607,56.88
A,0.084966,43.31
R,0.075809,38.64
I,0.075448,38.45
O,0.071635,36.51
T,0.069509,35.43
N,0.066544,33.92
S,0.057351,29.23
L,0.054893,27.98
C,0.045388,23.13
U,0.036308,18.51
D,0.033844,17.25
P,0.031671,16.14
M,0.030129,15.36
H,0.030034,15.31
G,0.024705,12.59
B,0.02072,10.56
F,0.018121,9.24
Y,0.017779,9.06
W,0.012899,6.57
K,0.011016,5.61
V,0.010074,5.13
X,0.002902,1.48
Z,0.002722,1.39
J,0.001965,1
Q,0.001962,1